PFA_Name,Year,IMD_Score,Police_Count,Crime_Count,Alpha_i,B_i,Beta_i,Sigma_i,Spillover_Force,E_Prime_Monthly_Snapshot
Avon and Somerset,2021,44.764594192836014,3072,85162.0,0.004476459419283601,153.43133271671752,0.021107542964235487,0.10756321868221361,248.31393710309476,1120.5972841038176
Avon and Somerset,2022,44.764594192836014,3137,81936.0,0.004476459419283601,153.43133271671752,0.021107542964235487,0.10756321868221361,211.54345315014433,1670.1807061370064
Avon and Somerset,2023,44.764594192836014,3310,83712.0,0.004476459419283601,153.43133271671752,0.021107542964235487,0.10756321868221361,170.810842805829,31.48510875375314
Avon and Somerset,2024,44.764594192836014,3281,98607.0,0.004476459419283601,153.43133271671752,0.021107542964235487,0.10756321868221361,226.27207527592168,99.00861393601167
Avon and Somerset,2025,44.764594192836014,3314,103381.0,0.004476459419283601,153.43133271671752,0.021107542964235487,0.10756321868221361,229.4318031874306,63.98602648111512
Bedfordshire,2021,53.920716320716316,1364,31705.0,0.005392071632071632,9.299596310067031,0.11189565889414009,0.023083069937949785,255.37140923657358,79.03336374634328
Bedfordshire,2022,53.920716320716316,1383,30891.0,0.005392071632071632,9.299596310067031,0.11189565889414009,0.023083069937949785,248.21678613114346,30.817722918498337
Bedfordshire,2023,53.920716320716316,1444,29930.0,0.005392071632071632,9.299596310067031,0.11189565889414009,0.023083069937949785,240.4674121259765,36.06590694825683
Bedfordshire,2024,53.920716320716316,1455,31589.0,0.005392071632071632,9.299596310067031,0.11189565889414009,0.023083069937949785,239.2418713010644,-36.539596688703625
Bedfordshire,2025,53.920716320716316,1454,31307.0,0.005392071632071632,9.299596310067031,0.11189565889414009,0.023083069937949785,249.9464141274423,101.31261941704834
Cambridgeshire,2021,45.85250240330455,1655,41987.0,0.004585250240330455,42.464372342827886,0.0728899923934982,0.0399661413812735,261.7066250716137,-9.586255711060176
Cambridgeshire,2022,45.85250240330455,1645,40862.0,0.004585250240330455,42.464372342827886,0.0728899923934982,0.0399661413812735,248.4379550967044,303.10845453671817
Cambridgeshire,2023,45.85250240330455,1736,40024.0,0.004585250240330455,42.464372342827886,0.0728899923934982,0.0399661413812735,224.3000159641184,80.19426522542409
Cambridgeshire,2024,45.85250240330455,1725,41969.0,0.004585250240330455,42.464372342827886,0.0728899923934982,0.0399661413812735,221.18132860606417,277.94762337906695
Cambridgeshire,2025,45.85250240330455,1707,44468.0,0.004585250240330455,42.464372342827886,0.0728899923934982,0.0399661413812735,225.05466569392962,517.8928667740215
Cheshire,2021,49.520938645426355,2191,61508.0,0.004952093864542636,69.21581820601887,0.15034500815597007,0.13203885078594643,334.50880495366243,-215.7178493849059
Cheshire,2022,49.520938645426355,2330,51683.0,0.004952093864542636,69.21581820601887,0.15034500815597007,0.13203885078594643,311.6660531994269,745.7887512532233
Cheshire,2023,49.520938645426355,2355,47816.0,0.004952093864542636,69.21581820601887,0.15034500815597007,0.13203885078594643,282.10441842373984,-323.1672495105986
Cheshire,2024,49.520938645426355,2363,47003.0,0.004952093864542636,69.21581820601887,0.15034500815597007,0.13203885078594643,261.6353791447999,-114.70102244315072
Cheshire,2025,49.520938645426355,2417,44511.0,0.004952093864542636,69.21581820601887,0.15034500815597007,0.13203885078594643,263.01892450055567,-281.34663194416095
Cleveland,2021,67.99951660064139,1426,53054.0,0.006799951660064139,71.60497312763951,0.09555391638008925,0.06268581534854548,245.94876874150478,220.03827910757852
Cleveland,2022,67.99951660064139,1429,50195.0,0.006799951660064139,71.60497312763951,0.09555391638008925,0.06268581534854548,221.46612776045419,374.57789612687554
Cleveland,2023,67.99951660064139,1495,49830.0,0.006799951660064139,71.60497312763951,0.09555391638008925,0.06268581534854548,205.878331698249,-117.9182770613663
Cleveland,2024,67.99951660064139,1510,45464.0,0.006799951660064139,71.60497312763951,0.09555391638008925,0.06268581534854548,194.4421148716719,582.4677296155924
Cleveland,2025,67.99951660064139,1504,46417.0,0.006799951660064139,71.60497312763951,0.09555391638008925,0.06268581534854548,206.26890183097467,-519.7437990253865
Cumbria,2021,55.91788016232991,1274,25393.0,0.005591788016232991,5.600354127561685,0.20307168008067547,0.0816936031230837,515.9122473614002,77.58631470675766
Cumbria,2022,55.91788016232991,1270,23858.0,0.005591788016232991,5.600354127561685,0.20307168008067547,0.0816936031230837,455.80850183702154,-306.50978777410705
Cumbria,2023,55.91788016232991,1376,21845.0,0.005591788016232991,5.600354127561685,0.20307168008067547,0.0816936031230837,435.2798397303985,325.3935962366114
Cumbria,2024,55.91788016232991,1379,22184.0,0.005591788016232991,5.600354127561685,0.20307168008067547,0.0816936031230837,416.26959045321144,346.9009239446367
Cumbria,2025,55.91788016232991,1384,20627.0,0.005591788016232991,5.600354127561685,0.20307168008067547,0.0816936031230837,414.22729467874007,-49.20794190606344
Derbyshire,2021,53.265624239958676,1913,75260.0,0.005326562423995868,129.93070099232403,0.14146551303000343,0.1102717057771467,413.40644089342794,549.8052460693738
Derbyshire,2022,53.265624239958676,2001,64916.0,0.005326562423995868,129.93070099232403,0.14146551303000343,0.1102717057771467,401.1595687512667,55.70763038698105
Derbyshire,2023,53.265624239958676,2131,63067.0,0.005326562423995868,129.93070099232403,0.14146551303000343,0.1102717057771467,391.17346823180725,1139.3511366660846
Derbyshire,2024,53.265624239958676,2096,58286.0,0.005326562423995868,129.93070099232403,0.14146551303000343,0.1102717057771467,371.3988083145931,-283.15428808788425
Derbyshire,2025,53.265624239958676,2123,57883.0,0.005326562423995868,129.93070099232403,0.14146551303000343,0.1102717057771467,374.0918185823727,-281.06723908078254
Devon and Cornwall,2021,54.989900597778934,3319,82259.0,0.005498990059777894,165.03683897352232,0.09514104721586703,0.2675804628300053,294.77435479933115,540.2900182370114
Devon and Cornwall,2022,54.989900597778934,3442,64908.0,0.005498990059777894,165.03683897352232,0.09514104721586703,0.2675804628300053,274.84882687710297,-208.3129621259077
Devon and Cornwall,2023,54.989900597778934,3642,42112.0,0.005498990059777894,165.03683897352232,0.09514104721586703,0.2675804628300053,273.6544021015165,807.805825347087
Devon and Cornwall,2024,54.989900597778934,3612,86132.0,0.005498990059777894,165.03683897352232,0.09514104721586703,0.2675804628300053,302.37152252797637,2379.6988233712605
Devon and Cornwall,2025,54.989900597778934,3569,88473.0,0.005498990059777894,165.03683897352232,0.09514104721586703,0.2675804628300053,309.8709637290709,1704.1337518051114
Dorset,2021,48.08856502242153,1293,43321.0,0.004808856502242153,6.453535128249277,0.15490434296554753,0.11395248665466114,357.29199051058964,606.8241175217331
Dorset,2022,48.08856502242153,1349,38037.0,0.004808856502242153,6.453535128249277,0.15490434296554753,0.11395248665466114,328.14545328536735,-861.0067235714021
Dorset,2023,48.08856502242153,1430,35887.0,0.004808856502242153,6.453535128249277,0.15490434296554753,0.11395248665466114,281.1180899206407,-3.5479344726238367
Dorset,2024,48.08856502242153,1422,33965.0,0.004808856502242153,6.453535128249277,0.15490434296554753,0.11395248665466114,353.2654683765136,-58.21325465240383
Dorset,2025,48.08856502242153,1404,32640.0,0.004808856502242153,6.453535128249277,0.15490434296554753,0.11395248665466114,367.48964797580254,-907.6162385851266
Durham,2021,65.66666666666667,1228,46316.0,0.006566666666666668,24.999544427043546,0.10665294388010663,0.0793845019966066,348.98966402229325,345.84247587707375
Durham,2022,65.66666666666667,1285,43286.0,0.006566666666666668,24.999544427043546,0.10665294388010663,0.0793845019966066,320.70454777607404,228.82562043805208
Durham,2023,65.66666666666667,1372,40062.0,0.006566666666666668,24.999544427043546,0.10665294388010663,0.0793845019966066,318.6675141179144,-129.4892499246188
Durham,2024,65.66666666666667,1385,37698.0,0.006566666666666668,24.999544427043546,0.10665294388010663,0.0793845019966066,291.8882135469256,275.09827503472474
Durham,2025,65.66666666666667,1400,40628.0,0.006566666666666668,24.999544427043546,0.10665294388010663,0.0793845019966066,281.03500992661156,-60.13105338233882
Dyfed-Powys,2021,52.20054179830648,1207,26590.0,0.005220054179830649,256.8560128264143,0.17540478113920163,0.16279059646281935,322.9015941819398,828.9248110598883
Dyfed-Powys,2022,52.20054179830648,1259,29858.0,0.005220054179830649,256.8560128264143,0.17540478113920163,0.16279059646281935,279.7894727883001,59.1658658255169
Dyfed-Powys,2023,52.20054179830648,1303,25743.0,0.005220054179830649,256.8560128264143,0.17540478113920163,0.16279059646281935,269.305435081004,152.2896638117287
Dyfed-Powys,2024,52.20054179830648,1302,18644.0,0.005220054179830649,256.8560128264143,0.17540478113920163,0.16279059646281935,257.65356532229356,404.2226239105253
Dyfed-Powys,2025,52.20054179830648,1261,24867.0,0.005220054179830649,256.8560128264143,0.17540478113920163,0.16279059646281935,241.08348610770753,58.83730723472161
Essex,2021,48.64249830130973,3474,119255.0,0.004864249830130973,88.78411693694302,0.23141392674245653,0.19798796535805316,952.3635529207877,1060.4865419586963
Essex,2022,48.64249830130973,3604,100999.0,0.004864249830130973,88.78411693694302,0.23141392674245653,0.19798796535805316,896.7498937127438,2369.5284067037933
Essex,2023,48.64249830130973,3747,82648.0,0.004864249830130973,88.78411693694302,0.23141392674245653,0.19798796535805316,858.8603591563441,-61.5590749319629
Essex,2024,48.64249830130973,3758,76339.0,0.004864249830130973,88.78411693694302,0.23141392674245653,0.19798796535805316,854.6603462124348,-548.2521312782189
Essex,2025,48.64249830130973,3759,79257.0,0.004864249830130973,88.78411693694302,0.23141392674245653,0.19798796535805316,886.9550260807054,604.5840324910862
Gloucestershire,2021,42.82169693450181,1191,43762.0,0.004282169693450181,23.057915153978456,0.13409306641732588,0.11710170519428939,275.0524913969335,-380.6268167106613
Gloucestershire,2022,42.82169693450181,1248,38281.0,0.004282169693450181,23.057915153978456,0.13409306641732588,0.11710170519428939,255.2545493989693,739.2800710607413
Gloucestershire,2023,42.82169693450181,1301,34945.0,0.004282169693450181,23.057915153978456,0.13409306641732588,0.11710170519428939,245.09143992984139,-87.74652628966824
Gloucestershire,2024,42.82169693450181,1321,33440.0,0.004282169693450181,23.057915153978456,0.13409306641732588,0.11710170519428939,248.39396868600582,343.85564816324757
Gloucestershire,2025,42.82169693450181,1349,33788.0,0.004282169693450181,23.057915153978456,0.13409306641732588,0.11710170519428939,248.4121355640385,-381.42554383340536
Greater Manchester,2021,64.06394920617097,7263,0.0,0.0064063949206170975,6.715809119890771,0.5,2.2360599915712482,666.1589933881562,948.6062164487586
Greater Manchester,2022,64.06394920617097,7536,14.0,0.0064063949206170975,6.715809119890771,0.5,2.2360599915712482,608.1346465578191,867.0811042229159
Greater Manchester,2023,64.06394920617097,8070,0.0,0.0064063949206170975,6.715809119890771,0.5,2.2360599915712482,570.2225565930906,814.295204935667
Greater Manchester,2024,64.06394920617097,8112,0.0,0.0064063949206170975,6.715809119890771,0.5,2.2360599915712482,544.8877457282322,778.826469724865
Greater Manchester,2025,64.06394920617097,8111,0.0,0.0064063949206170975,6.715809119890771,0.5,2.2360599915712482,546.1569993146247,780.6034247458146
Gwent,2021,52.20054179830648,1364,38127.0,0.005220054179830649,132.79842056612588,0.17833037467146548,0.14990018819695802,295.7916390797459,-199.97463245898152
Gwent,2022,52.20054179830648,1478,35341.0,0.005220054179830649,132.79842056612588,0.17833037467146548,0.14990018819695802,252.0528090602061,-158.92931104656282
Gwent,2023,52.20054179830648,1516,37618.0,0.005220054179830649,132.79842056612588,0.17833037467146548,0.14990018819695802,236.05819170076552,-721.3763143492847
Gwent,2024,52.20054179830648,1542,38590.0,0.005220054179830649,132.79842056612588,0.17833037467146548,0.14990018819695802,213.79708720241126,392.78923074441866
Gwent,2025,52.20054179830648,1549,25979.0,0.005220054179830649,132.79842056612588,0.17833037467146548,0.14990018819695802,226.15977818255388,-180.4138347116759
Hampshire and Isle of Wight,2021,43.14797429022277,3129,104387.0,0.004314797429022277,120.65224156103578,0.07843207073592388,0.0874008040393226,268.184407608069,1217.0515601562395
Hampshire and Isle of Wight,2022,43.14797429022277,3227,103473.0,0.004314797429022277,120.65224156103578,0.07843207073592388,0.0874008040393226,239.05524009258505,-1012.7044047189836
Hampshire and Isle of Wight,2023,43.14797429022277,3362,90088.0,0.004314797429022277,120.65224156103578,0.07843207073592388,0.0874008040393226,235.05457259237372,6.600242394380189
Hampshire and Isle of Wight,2024,43.14797429022277,3349,86468.0,0.004314797429022277,120.65224156103578,0.07843207073592388,0.0874008040393226,228.8172432487796,-20.17796362909837
Hampshire and Isle of Wight,2025,43.14797429022277,3364,90641.0,0.004314797429022277,120.65224156103578,0.07843207073592388,0.0874008040393226,236.4087928889414,-150.7252213341519
Hertfordshire,2021,40.33497332322295,2258,55823.0,0.004033497332322295,75.83636890160354,0.19456910339398317,0.029487277238564685,907.2702140226058,343.4629896816138
Hertfordshire,2022,40.33497332322295,2234,54922.0,0.004033497332322295,75.83636890160354,0.19456910339398317,0.029487277238564685,842.8824714753218,288.74350548455647
Hertfordshire,2023,40.33497332322295,2400,54488.0,0.004033497332322295,75.83636890160354,0.19456910339398317,0.029487277238564685,796.5239324017487,211.25819081542562
Hertfordshire,2024,40.33497332322295,2379,56029.0,0.004033497332322295,75.83636890160354,0.19456910339398317,0.029487277238564685,788.2931850803179,76.4543516563657
Hertfordshire,2025,40.33497332322295,2380,58725.0,0.004033497332322295,75.83636890160354,0.19456910339398317,0.029487277238564685,817.078436308756,157.15053251314544
Humberside,2021,60.47984100121401,2102,51580.0,0.006047984100121402,73.3008066411887,0.10998909602058403,0.0369440543837566,353.2708292802144,171.9335986777395
Humberside,2022,60.47984100121401,2162,49767.0,0.006047984100121402,73.3008066411887,0.10998909602058403,0.0369440543837566,322.50817166963094,127.63528610638923
Humberside,2023,60.47984100121401,2295,52104.0,0.006047984100121402,73.3008066411887,0.10998909602058403,0.0369440543837566,323.29626139448135,331.9311841912772
Humberside,2024,60.47984100121401,2272,49463.0,0.006047984100121402,73.3008066411887,0.10998909602058403,0.0369440543837566,318.1413315582739,153.63100481955516
Humberside,2025,60.47984100121401,2284,47460.0,0.006047984100121402,73.3008066411887,0.10998909602058403,0.0369440543837566,318.36819909066,238.68371068413398
Kent,2021,55.51723561371496,3880,127153.0,0.005551723561371496,29.955770184939382,0.24873221785064986,0.11328466638127774,1279.067604181651,-64.94041257332583
Kent,2022,55.51723561371496,4005,111245.0,0.005551723561371496,29.955770184939382,0.24873221785064986,0.11328466638127774,1167.711319230887,1316.1813918773082
Kent,2023,55.51723561371496,4167,104661.0,0.005551723561371496,29.955770184939382,0.24873221785064986,0.11328466638127774,1131.3997282053572,256.0857957110999
Kent,2024,55.51723561371496,4168,97367.0,0.005551723561371496,29.955770184939382,0.24873221785064986,0.11328466638127774,1128.8962822532471,385.8897409423435
Kent,2025,55.51723561371496,4167,98272.0,0.005551723561371496,29.955770184939382,0.24873221785064986,0.11328466638127774,1174.511318753814,-248.143760813026
Lancashire,2021,60.162611531893084,3239,143994.0,0.006016261153189309,58.916320419105446,0.15164802777420777,0.11102933626239057,417.75341164882053,1350.635837758555
Lancashire,2022,60.162611531893084,3321,121488.0,0.006016261153189309,58.916320419105446,0.15164802777420777,0.11102933626239057,400.0475189001821,-1318.7833897922847
Lancashire,2023,60.162611531893084,3567,110429.0,0.006016261153189309,58.916320419105446,0.15164802777420777,0.11102933626239057,376.97178401398014,-296.38222425553386
Lancashire,2024,60.162611531893084,3569,113555.0,0.006016261153189309,58.916320419105446,0.15164802777420777,0.11102933626239057,352.683432625217,-904.3758346632529
Lancashire,2025,60.162611531893084,3606,115845.0,0.006016261153189309,58.916320419105446,0.15164802777420777,0.11102933626239057,353.23604844571037,-607.6454980685075
Leicestershire,2021,42.290760292721075,2252,48939.0,0.004229076029272107,3.726748697137271,0.07115317532493905,0.03421900509348746,271.66126110692005,494.70416345261634
Leicestershire,2022,42.290760292721075,2282,53620.0,0.004229076029272107,3.726748697137271,0.07115317532493905,0.03421900509348746,249.17902881624957,347.1569600258696
Leicestershire,2023,42.290760292721075,2267,50616.0,0.004229076029272107,3.726748697137271,0.07115317532493905,0.03421900509348746,242.2149516129486,97.75593197464829
Leicestershire,2024,42.290760292721075,2247,50666.0,0.004229076029272107,3.726748697137271,0.07115317532493905,0.03421900509348746,236.2553344796035,-109.62978050596394
Leicestershire,2025,42.290760292721075,2267,52021.0,0.004229076029272107,3.726748697137271,0.07115317532493905,0.03421900509348746,241.23332280699583,82.08517223666792
Lincolnshire,2021,59.016483508756906,1133,42056.0,0.005901648350875691,82.17664472084952,0.11036251296845451,0.055972632981138984,266.6874921673295,-81.68311217380995
Lincolnshire,2022,59.016483508756906,1167,39073.0,0.005901648350875691,82.17664472084952,0.11036251296845451,0.055972632981138984,250.6994797123837,164.0358615963049
Lincolnshire,2023,59.016483508756906,1209,36068.0,0.005901648350875691,82.17664472084952,0.11036251296845451,0.055972632981138984,249.78508167931966,170.80732443611313
Lincolnshire,2024,59.016483508756906,1205,40303.0,0.005901648350875691,82.17664472084952,0.11036251296845451,0.055972632981138984,242.7335549114473,-352.64379569097616
Lincolnshire,2025,59.016483508756906,1174,40174.0,0.005901648350875691,82.17664472084952,0.11036251296845451,0.055972632981138984,241.63871489673932,198.0026939868797
"London, City of",2021,31.666666666666668,851,2044.0,0.003166666666666667,7.834838539486897,0.5,0.10392566243293065,3221.2936065750623,4331.732890720001
"London, City of",2022,31.666666666666668,958,2329.0,0.003166666666666667,7.834838539486897,0.5,0.10392566243293065,3001.188196835893,4028.170923677559
"London, City of",2023,31.666666666666668,987,2007.0,0.003166666666666667,7.834838539486897,0.5,0.10392566243293065,2878.325093011862,3900.0470448804117
"London, City of",2024,31.666666666666668,989,2135.0,0.003166666666666667,7.834838539486897,0.5,0.10392566243293065,2869.110802369524,3832.1983799024338
"London, City of",2025,31.666666666666668,999,1742.0,0.003166666666666667,7.834838539486897,0.5,0.10392566243293065,2977.58947294512,4032.005278190153
Merseyside,2021,67.11468913562608,3962,97135.0,0.006711468913562608,51.11459399108922,0.13341864342781215,0.11586479764575924,390.2996326375432,532.5237527829363
Merseyside,2022,67.11468913562608,4062,90606.0,0.006711468913562608,51.11459399108922,0.13341864342781215,0.11586479764575924,328.97743056956944,-141.11652167595994
Merseyside,2023,67.11468913562608,4152,81775.0,0.006711468913562608,51.11459399108922,0.13341864342781215,0.11586479764575924,300.3863410375043,-352.1845016157227
Merseyside,2024,67.11468913562608,4154,75423.0,0.006711468913562608,51.11459399108922,0.13341864342781215,0.11586479764575924,305.31326772183644,-748.6633733824318
Merseyside,2025,67.11468913562608,4172,74844.0,0.006711468913562608,51.11459399108922,0.13341864342781215,0.11586479764575924,305.7921410986242,-81.82630648399797
Metropolitan Police,2021,58.95259528047169,33433,546421.0,0.005895259528047169,1515.6983077381224,0.1341096590196393,0.04755964035731477,340.78836765422705,6104.067460699899
Metropolitan Police,2022,58.95259528047169,34517,509085.0,0.005895259528047169,1515.6983077381224,0.1341096590196393,0.04755964035731477,307.63897326689596,4513.961080699146
Metropolitan Police,2023,58.95259528047169,34500,488244.0,0.005895259528047169,1515.6983077381224,0.1341096590196393,0.04755964035731477,283.75578641589595,2650.4108502710465
Metropolitan Police,2024,58.95259528047169,33793,486681.0,0.005895259528047169,1515.6983077381224,0.1341096590196393,0.04755964035731477,269.9253642518066,3514.836032178312
Metropolitan Police,2025,58.95259528047169,32332,505082.0,0.005895259528047169,1515.6983077381224,0.1341096590196393,0.04755964035731477,277.0422193687163,4186.815377850826
Norfolk,2021,57.97262889600568,1809,44762.0,0.005797262889600569,45.06222198575138,0.1054955022551375,0.09268266651126425,203.73280219009627,-413.8045898574044
Norfolk,2022,57.97262889600568,1872,44483.0,0.005797262889600569,45.06222198575138,0.1054955022551375,0.09268266651126425,198.29291451434756,392.60158872344516
Norfolk,2023,57.97262889600568,1899,39549.0,0.005797262889600569,45.06222198575138,0.1054955022551375,0.09268266651126425,183.3999312297738,264.2406978504246
Norfolk,2024,57.97262889600568,1899,37654.0,0.005797262889600569,45.06222198575138,0.1054955022551375,0.09268266651126425,187.13063131095714,-455.3196392111901
Norfolk,2025,57.97262889600568,1902,36780.0,0.005797262889600569,45.06222198575138,0.1054955022551375,0.09268266651126425,190.15210712838478,-410.98983891724725
North Wales,2021,52.20054179830648,1640,45136.0,0.005220054179830649,40.676527614660216,0.10555303451424727,0.08306468719691056,287.9942554477342,925.8496600988673
North Wales,2022,52.20054179830648,1640,47174.0,0.005220054179830649,40.676527614660216,0.10555303451424727,0.08306468719691056,252.3179341804505,28.415031992682692
North Wales,2023,52.20054179830648,1714,42268.0,0.005220054179830649,40.676527614660216,0.10555303451424727,0.08306468719691056,222.62077135439654,80.90664316316298
North Wales,2024,52.20054179830648,1721,41092.0,0.005220054179830649,40.676527614660216,0.10555303451424727,0.08306468719691056,200.39585207395157,-217.1060185049751
North Wales,2025,52.20054179830648,1723,38041.0,0.005220054179830649,40.676527614660216,0.10555303451424727,0.08306468719691056,211.44266048108156,368.8382311991471
North Yorkshire,2021,39.403933797073634,1542,47649.0,0.003940393379707364,71.9892613018391,0.21112583804951895,0.11909125230974618,524.6443152257632,-885.502182527712
North Yorkshire,2022,39.403933797073634,1637,40272.0,0.003940393379707364,71.9892613018391,0.21112583804951895,0.11909125230974618,496.61962798875777,-367.4272240242592
North Yorkshire,2023,39.403933797073634,1662,37733.0,0.003940393379707364,71.9892613018391,0.21112583804951895,0.11909125230974618,477.8383093677695,-12.238098842911455
North Yorkshire,2024,39.403933797073634,1652,35868.0,0.003940393379707364,71.9892613018391,0.21112583804951895,0.11909125230974618,459.47471266442096,-270.3120736911107
North Yorkshire,2025,39.403933797073634,1656,36988.0,0.003940393379707364,71.9892613018391,0.21112583804951895,0.11909125230974618,465.5635393256804,215.17792016741066
Northamptonshire,2021,49.80767916922867,1398,46641.0,0.004980767916922867,17.727344033971683,0.11221603038275467,0.06192713856900558,220.48783911180035,-25.46926843424731
Northamptonshire,2022,49.80767916922867,1429,43360.0,0.004980767916922867,17.727344033971683,0.11221603038275467,0.06192713856900558,217.33163580457835,-237.16768683092857
Northamptonshire,2023,49.80767916922867,1487,40396.0,0.004980767916922867,17.727344033971683,0.11221603038275467,0.06192713856900558,207.52073457363582,-570.1318443664163
Northamptonshire,2024,49.80767916922867,1473,40211.0,0.004980767916922867,17.727344033971683,0.11221603038275467,0.06192713856900558,211.06373054336538,-284.2082020933843
Northamptonshire,2025,49.80767916922867,1463,42052.0,0.004980767916922867,17.727344033971683,0.11221603038275467,0.06192713856900558,218.0356617260542,-348.9593155172854
Northumbria,2021,64.01796301740093,3486,110195.0,0.006401796301740093,5.82361882252012,0.12382913755347573,0.09835828127569135,223.06700321476887,-448.41346891541
Northumbria,2022,64.01796301740093,3622,101440.0,0.006401796301740093,5.82361882252012,0.12382913755347573,0.09835828127569135,208.82680591231002,65.16523212439483
Northumbria,2023,64.01796301740093,3796,103876.0,0.006401796301740093,5.82361882252012,0.12382913755347573,0.09835828127569135,192.61320460730488,677.0457154909042
Northumbria,2024,64.01796301740093,3830,92633.0,0.006401796301740093,5.82361882252012,0.12382913755347573,0.09835828127569135,185.79921267605636,-351.4555534888154
Northumbria,2025,64.01796301740093,3837,85510.0,0.006401796301740093,5.82361882252012,0.12382913755347573,0.09835828127569135,191.06617237208565,-130.9319664333857
Nottinghamshire,2021,53.07263995786478,2222,74780.0,0.005307263995786478,214.669910464387,0.10011343665641634,0.09955960504763975,349.6498342154014,18.67453573106866
Nottinghamshire,2022,53.07263995786478,2361,59397.0,0.005307263995786478,214.669910464387,0.10011343665641634,0.09955960504763975,337.9283625299295,440.9998772047775
Nottinghamshire,2023,53.07263995786478,2387,66989.0,0.005307263995786478,214.669910464387,0.10011343665641634,0.09955960504763975,330.8174525224394,517.5518832461612
Nottinghamshire,2024,53.07263995786478,2401,62550.0,0.005307263995786478,214.669910464387,0.10011343665641634,0.09955960504763975,324.62955092834727,124.72792121231629
Nottinghamshire,2025,53.07263995786478,2380,59583.0,0.005307263995786478,214.669910464387,0.10011343665641634,0.09955960504763975,325.37166353435146,301.91112252198775
South Wales,2021,52.20054179830648,3151,83597.0,0.005220054179830649,38.93426772061727,0.1475196325747881,0.1089182367122207,168.91312317805006,329.3030843897393
South Wales,2022,52.20054179830648,3361,65760.0,0.005220054179830649,38.93426772061727,0.1475196325747881,0.1089182367122207,170.17115623538922,612.8844283113895
South Wales,2023,52.20054179830648,3499,69639.0,0.005220054179830649,38.93426772061727,0.1475196325747881,0.1089182367122207,165.37392644412486,-272.06446890732246
South Wales,2024,52.20054179830648,3529,65817.0,0.005220054179830649,38.93426772061727,0.1475196325747881,0.1089182367122207,149.38229046421367,-738.245938409674
South Wales,2025,52.20054179830648,3496,66292.0,0.005220054179830649,38.93426772061727,0.1475196325747881,0.1089182367122207,132.70943741383456,611.8432407084083
South Yorkshire,2021,67.056185956853,2825,86532.0,0.0067056185956853006,18.298700212069864,0.11583276927976842,0.015613475774641972,480.9131123496196,-36.500212643062895
South Yorkshire,2022,67.056185956853,2949,87317.0,0.0067056185956853006,18.298700212069864,0.11583276927976842,0.015613475774641972,444.12887693661366,142.95530752304902
South Yorkshire,2023,67.056185956853,2993,85915.0,0.0067056185956853006,18.298700212069864,0.11583276927976842,0.015613475774641972,444.0917448418644,143.87786294439795
South Yorkshire,2024,67.056185956853,3027,83722.0,0.0067056185956853006,18.298700212069864,0.11583276927976842,0.015613475774641972,414.9509271664224,94.3496066733532
South Yorkshire,2025,67.056185956853,3040,85661.0,0.0067056185956853006,18.298700212069864,0.11583276927976842,0.015613475774641972,412.02054005837886,311.0800991668833
Staffordshire,2021,50.06831967597653,1779,59530.0,0.005006831967597654,26.21996483968804,0.08845814334608368,0.07129180540928623,470.25058070408915,294.8998326735831
Staffordshire,2022,50.06831967597653,1895,64836.0,0.005006831967597654,26.21996483968804,0.08845814334608368,0.07129180540928623,422.2787188872416,515.7763311439362
Staffordshire,2023,50.06831967597653,1985,58027.0,0.005006831967597654,26.21996483968804,0.08845814334608368,0.07129180540928623,391.55453927751967,373.3232469667028
Staffordshire,2024,50.06831967597653,2001,53436.0,0.005006831967597654,26.21996483968804,0.08845814334608368,0.07129180540928623,370.36068283179344,854.6110629704061
Staffordshire,2025,50.06831967597653,1998,56884.0,0.005006831967597654,26.21996483968804,0.08845814334608368,0.07129180540928623,364.7072539837403,-61.79902627085161
Suffolk,2021,51.6708943367096,1318,32993.0,0.00516708943367096,30.374239721362642,0.1379298759622872,0.14341576353873253,344.03469893244153,-580.5933116452029
Suffolk,2022,51.6708943367096,1360,34240.0,0.00516708943367096,30.374239721362642,0.1379298759622872,0.14341576353873253,312.1755030106277,-435.2859563832459
Suffolk,2023,51.6708943367096,1393,29769.0,0.00516708943367096,30.374239721362642,0.1379298759622872,0.14341576353873253,271.6055085334879,-21.31545812920071
Suffolk,2024,51.6708943367096,1400,25372.0,0.00516708943367096,30.374239721362642,0.1379298759622872,0.14341576353873253,260.686823987939,111.9115726281087
Suffolk,2025,51.6708943367096,1415,25056.0,0.00516708943367096,30.374239721362642,0.1379298759622872,0.14341576353873253,267.54869518440466,-760.743056023966
Surrey,2021,30.98171738979266,2061,50222.0,0.003098171738979266,25.103816658895298,0.26734595961007,0.05701189552104819,1041.8856627604932,-279.0542361280842
Surrey,2022,30.98171738979266,2117,45199.0,0.003098171738979266,25.103816658895298,0.26734595961007,0.05701189552104819,959.0354054122283,-105.10031658610636
Surrey,2023,30.98171738979266,2289,43885.0,0.003098171738979266,25.103816658895298,0.26734595961007,0.05701189552104819,917.0731235525508,-108.24001569517348
Surrey,2024,30.98171738979266,2295,44109.0,0.003098171738979266,25.103816658895298,0.26734595961007,0.05701189552104819,900.3865597491239,-85.34434847626288
Surrey,2025,30.98171738979266,2344,44928.0,0.003098171738979266,25.103816658895298,0.26734595961007,0.05701189552104819,934.1172386998753,-169.65867842865055
Sussex,2021,49.99813447905561,2870,92066.0,0.004999813447905561,215.97752955549288,0.1251187912649838,0.09634856180752262,437.3078154324783,1297.2287611815477
Sussex,2022,49.99813447905561,2960,72385.0,0.004999813447905561,215.97752955549288,0.1251187912649838,0.09634856180752262,401.36692879603936,426.491327202842
Sussex,2023,49.99813447905561,3155,75985.0,0.004999813447905561,215.97752955549288,0.1251187912649838,0.09634856180752262,368.5745590691887,-667.8037893211923
Sussex,2024,49.99813447905561,3182,76187.0,0.004999813447905561,215.97752955549288,0.1251187912649838,0.09634856180752262,350.1012764424644,362.2779481832194
Sussex,2025,49.99813447905561,3230,81353.0,0.004999813447905561,215.97752955549288,0.1251187912649838,0.09634856180752262,358.6237304919895,-910.3895909831954
Thames Valley,2021,36.4435697646696,4413,101937.0,0.00364435697646696,177.8101510983718,0.10658841440310185,0.03805537265928489,546.7892620332544,105.46684325061761
Thames Valley,2022,36.4435697646696,4698,100981.0,0.00364435697646696,177.8101510983718,0.10658841440310185,0.03805537265928489,513.6411743322988,498.026811004562
Thames Valley,2023,36.4435697646696,4924,98061.0,0.00364435697646696,177.8101510983718,0.10658841440310185,0.03805537265928489,486.710011093865,256.8481361856558
Thames Valley,2024,36.4435697646696,5023,92816.0,0.00364435697646696,177.8101510983718,0.10658841440310185,0.03805537265928489,484.0906446471928,175.21333572593522
Thames Valley,2025,36.4435697646696,4993,95921.0,0.00364435697646696,177.8101510983718,0.10658841440310185,0.03805537265928489,502.9007967779604,302.17995565655906
Warwickshire,2021,45.77359868463561,1053,29010.0,0.004577359868463561,59.036677369992326,0.16440452395601043,0.06773890014849437,438.92851823847946,-111.99223895020161
Warwickshire,2022,45.77359868463561,1018,27241.0,0.004577359868463561,59.036677369992326,0.16440452395601043,0.06773890014849437,411.39826626198203,321.3764076980965
Warwickshire,2023,45.77359868463561,1118,25327.0,0.004577359868463561,59.036677369992326,0.16440452395601043,0.06773890014849437,379.91729405973877,55.04735755596212
Warwickshire,2024,45.77359868463561,1149,24738.0,0.004577359868463561,59.036677369992326,0.16440452395601043,0.06773890014849437,359.2827438013219,194.18754787989536
Warwickshire,2025,45.77359868463561,1131,28148.0,0.004577359868463561,59.036677369992326,0.16440452395601043,0.06773890014849437,359.88230468019526,-25.75680732383605
West Mercia,2021,50.21887933054138,2312,83751.0,0.005021887933054138,13.806038089509634,0.1315279363020026,0.18872224997297424,356.4953921362041,-1304.9069974980036
West Mercia,2022,50.21887933054138,2343,68730.0,0.005021887933054138,13.806038089509634,0.1315279363020026,0.18872224997297424,336.3897020643988,455.38984499887977
West Mercia,2023,50.21887933054138,2520,59080.0,0.005021887933054138,13.806038089509634,0.1315279363020026,0.18872224997297424,311.77572917140395,-1752.747383731459
West Mercia,2024,50.21887933054138,2524,53984.0,0.005021887933054138,13.806038089509634,0.1315279363020026,0.18872224997297424,293.7919987655241,-2270.4494589649453
West Mercia,2025,50.21887933054138,2520,56572.0,0.005021887933054138,13.806038089509634,0.1315279363020026,0.18872224997297424,283.66457974706407,-690.0560266662992
West Midlands,2021,66.66153194009041,7445,203369.0,0.006666153194009042,260.8160259238019,0.1544046887099942,0.11128989174520815,283.81135103214444,884.3115977204915
West Midlands,2022,66.66153194009041,7596,185316.0,0.006666153194009042,260.8160259238019,0.1544046887099942,0.11128989174520815,264.82305842226276,-2085.5716680459923
West Midlands,2023,66.66153194009041,7874,172502.0,0.006666153194009042,260.8160259238019,0.1544046887099942,0.11128989174520815,234.38512368573473,1499.6034435077165
West Midlands,2024,66.66153194009041,7995,162062.0,0.006666153194009042,260.8160259238019,0.1544046887099942,0.11128989174520815,217.29379987486482,130.33029419056135
West Midlands,2025,66.66153194009041,8027,153996.0,0.006666153194009042,260.8160259238019,0.1544046887099942,0.11128989174520815,232.58346645702534,-789.1437384050846
West Yorkshire,2021,64.63197258961651,5705,171293.0,0.006463197258961651,124.34436912625547,0.1178962595593403,0.05099658930761067,407.0377977987574,95.0806886446602
West Yorkshire,2022,64.63197258961651,5838,170187.0,0.006463197258961651,124.34436912625547,0.1178962595593403,0.05099658930761067,364.1948743861391,1457.1941986006389
West Yorkshire,2023,64.63197258961651,6062,164809.0,0.006463197258961651,124.34436912625547,0.1178962595593403,0.05099658930761067,345.01922006489804,770.4362739605829
West Yorkshire,2024,64.63197258961651,6137,153459.0,0.006463197258961651,124.34436912625547,0.1178962595593403,0.05099658930761067,339.27647650134867,-74.66252632510634
West Yorkshire,2025,64.63197258961651,6130,155152.0,0.006463197258961651,124.34436912625547,0.1178962595593403,0.05099658930761067,345.0856901865966,49.81233266318827
Wiltshire,2021,43.84260120986505,1080,33117.0,0.004384260120986506,37.50606183875672,0.11984628067815079,0.06640834539986576,319.769719211378,348.7797239263155
Wiltshire,2022,43.84260120986505,1120,32481.0,0.004384260120986506,37.50606183875672,0.11984628067815079,0.06640834539986576,305.6198476006009,-72.32596291548782
Wiltshire,2023,43.84260120986505,1204,29527.0,0.004384260120986506,37.50606183875672,0.11984628067815079,0.06640834539986576,288.60599687914697,285.92934418095314
Wiltshire,2024,43.84260120986505,1243,28493.0,0.004384260120986506,37.50606183875672,0.11984628067815079,0.06640834539986576,291.8570681650765,156.21082115837498
Wiltshire,2025,43.84260120986505,1215,29553.0,0.004384260120986506,37.50606183875672,0.11984628067815079,0.06640834539986576,301.0191592728264,205.09121628013847
