PFA_Name,Year,Population,Area_Sq_Km,IMD_Score,Police_Count,Crime_Count,Alpha_i,Beta_i,Sigma_i,Spillover_Force,E_Prime_i
Avon and Somerset,2021.0,1256842.000000015,4666.95,41.86992184552263,3072,85162.0,0.004186992184552264,0.012422523874295257,0.10756321868221361,248.31393710309476,-10259.412107594315
Bedfordshire,2021.0,707573.4000000171,1235.46,53.920716320716316,1364,31705.0,0.005392071632071632,0.11270797244535909,0.023083069937949785,255.37140923657358,404.0515095252338
Cambridgeshire,2021.0,890796.2000000067,3389.6400000000003,45.85250240330455,1655,41987.0,0.004585250240330455,0.07024328355597532,0.0399661413812735,261.7066250716137,668.127553979656
Cheshire,2021.0,1100039.000000015,2346.16,49.520938645426355,2191,61508.0,0.004952093864542636,0.15422779505666748,0.13203885078594643,333.5895791452629,-422.65646017403054
Cleveland,2021.0,572906.4000000097,597.65,67.99951660064139,1426,53054.0,0.006799951660064139,0.09159476645848923,0.06268581534854548,245.94876874150478,-5816.9003068483635
Cumbria,2021.0,1601062.1999999806,20303.67,55.91788016232991,1274,25393.0,0.005591788016232991,0.20361293451486664,0.0816936031230837,515.9122473614002,-1309.9349435527056
Derbyshire,2021.0,1084594.4000000046,2624.74,53.265624239958676,1913,75260.0,0.005326562423995868,0.14814425669653938,0.1102717057771467,413.4192536832692,-6979.2791054517975
Devon and Cornwall,2021.0,1778693.800000012,10268.31,54.989900597778934,3319,82259.0,0.005498990059777894,0.07743189173725668,0.2675804628300053,282.4485504772361,-18088.97016030532
Dorset,2021.0,1583606.6000000052,2977.06,48.08856502242153,1293,43321.0,0.004808856502242153,0.15378410184550698,0.11395248665466114,351.1290883495421,8475.710439902596
Durham,2021.0,631565.0000000075,2423.3799999999997,65.66666666666667,1228,46316.0,0.006566666666666668,0.10805410022536045,0.0793845019966066,348.98966402229325,-613.1730244544356
Dyfed-Powys,2021.0,517094.40000000224,10954.32,51.97845788460139,1207,26590.0,0.00519784578846014,0.13394201622071683,0.16279059646281935,320.82450952932237,1026.1099820101435
Essex,2021.0,1857643.8000000194,3663.97,48.64249830130973,3474,119255.0,0.004864249830130973,0.22864365783987517,0.19798796535805316,952.3635529207877,-4094.4943945173236
Gloucestershire,2021.0,634411.8000000119,2652.4500000000003,42.82169693450181,1191,43762.0,0.004282169693450181,0.13115319987556437,0.11710170519428939,270.03565899554013,89.72219129126921
Greater Manchester,2021.0,2880622.200000018,1276.12,64.06394920617097,7263,14.0,0.0064063949206170975,208.9319847020308,0.09409959303458676,666.1589933881562,465.1388655474802
Gwent,2021.0,588967.2000000048,1551.46,51.97845788460139,1364,38127.0,0.00519784578846014,0.18891369572081898,0.14990018819695802,294.0292084681637,4494.964311861701
Hampshire and Isle of Wight,2021.0,2038305.6000000108,4148.23,43.14797429022277,3129,104387.0,0.004314797429022277,0.07452239642607371,0.0874008040393226,268.184407608069,7112.35461685661
Hertfordshire,2021.0,1204281.800000012,1643.07,40.33497332322295,2258,55823.0,0.004033497332322295,0.19076018589551028,0.029487277238564685,907.2702140226058,1609.5731983512187
Humberside,2021.0,670633.2000000067,3442.83,55.26280387463456,2102,51580.0,0.005526280387463456,0.10863180902360292,0.0369440543837566,353.2708292802144,-1033.39267049225
Kent,2021.0,1837535.0000000373,3738.35,55.51723561371496,3880,127153.0,0.005551723561371496,0.24775642122738856,0.11328466638127774,1279.067604181651,17764.210591279952
Lancashire,2021.0,1591299.2000000046,3065.88,60.162611531893084,3239,143994.0,0.006016261153189309,0.1536582527922623,0.11102933626239057,417.77134955459826,-850.4806261504684
Leicestershire,2021.0,1109467.6000000238,2538.09,42.290760292721075,2252,48939.0,0.004229076029272107,0.07131593088695115,0.03421900509348746,271.66126110692005,-3348.9242174390174
Lincolnshire,2021.0,741864.2000000179,5937.35,59.016483508756906,1133,42056.0,0.005901648350875691,0.10395366698053667,0.055972632981138984,262.20257925084667,2302.159766391379
"London, City of",2021.0,9558.40000000177,2.88,31.666666666666668,851,2044.0,0.003166666666666667,5.821908499059582,0.10392566243293065,3221.2936065750623,1916.5326351879166
Merseyside,2021.0,1426883.4000000134,652.4000000000001,67.11468913562608,3962,97135.0,0.006711468913562608,0.1318052520841167,0.11586479764575924,390.32952914717276,-28294.326834632568
Metropolitan Police,2021.0,8803844.00000009,1569.55,58.95259528047169,33433,546421.0,0.005895259528047169,0.12245030082651888,0.04755964035731477,340.78836765422705,37018.831812079356
Norfolk,2021.0,903665.8000000119,5383.6900000000005,57.97262889600568,1809,44762.0,0.005797262889600569,0.10215391608359846,0.09268266651126425,203.73280219009627,-1072.5059631132085
North Wales,2021.0,687332.0000000028,6153.49,51.97845788460139,1640,45136.0,0.00519784578846014,0.1021873612258505,0.08306468719691056,286.26319959675806,13.735243281533947
North Yorkshire,2021.0,807833.0000000112,8309.289999999999,39.403933797073634,1542,47649.0,0.003940393379707364,0.20383832283308367,0.11909125230974618,520.8001041544921,6662.368175700001
Northamptonshire,2021.0,2296194.8000000194,6701.4400000000005,49.80767916922867,1398,46641.0,0.004980767916922867,0.11115213745401539,0.06192713856900558,220.48783911180035,73.29397047726368
Northumbria,2021.0,1450684.2000000216,5560.13,64.01796301740093,3486,110195.0,0.006401796301740093,0.12401497637340336,0.09835828127569135,223.06700321476887,-8825.962150081508
Nottinghamshire,2021.0,1168982.8000000045,2159.45,53.07263995786478,2222,74780.0,0.005307263995786478,0.10840277520148625,0.09955960504763975,344.26793871562205,-13785.827822891662
South Wales,2021.0,1319814.6000000127,2077.2799999999997,51.97845788460139,3151,83597.0,0.00519784578846014,0.14572891600831553,0.1089182367122207,168.19449294588742,939.1425871346296
South Yorkshire,2021.0,1378442.2000000216,1551.59,67.056185956853,2825,86532.0,0.0067056185956853006,0.11471019791218902,0.015613475774641972,475.53121684984023,-1421.8049501486594
Staffordshire,2021.0,1135432.0000000112,2713.75,50.06831967597653,1779,59530.0,0.005006831967597654,0.08982026263311897,0.07129180540928623,469.4834729663581,1432.8157452087657
Suffolk,2021.0,1009749.8000000082,5061.04,51.6708943367096,1318,32993.0,0.00516708943367096,0.13530327152921565,0.14341576353873253,344.03469893244153,2948.0570656390423
Surrey,2021.0,1206051.2000000179,1662.56,30.98171738979266,2061,50222.0,0.003098171738979266,0.2660058427668317,0.05701189552104819,1041.8856627604932,-1034.5406127932722
Sussex,2021.0,1718935.4000000097,3782.5,49.99813447905561,2870,92066.0,0.004999813447905561,0.11600358087472414,0.09634856180752262,437.3078154324783,-1083.9791679230402
Thames Valley,2021.0,4188536.4000000507,10435.39,36.4435697646696,4413,101937.0,0.00364435697646696,0.1003838080153479,0.03805537265928489,546.7892620332544,-3726.08645557131
Warwickshire,2021.0,595084.0000000149,1975.11,45.77359868463561,1053,29010.0,0.004577359868463561,0.15838532390742097,0.06773890014849437,438.27099732042427,-84.41128345388148
West Mercia,2021.0,1115108.000000015,5228.22,49.66931616993597,2312,83751.0,0.004966931616993597,0.13029769339600716,0.18872224997297424,356.190434834051,22714.751795521293
West Midlands,2021.0,2922466.8000000417,901.63,66.66153194009041,7445,203369.0,0.006666153194009042,0.15012353760176742,0.11128989174520815,282.2771355566823,-9628.288336609663
West Yorkshire,2021.0,2355382.4000000283,2029.21,64.63197258961651,5705,171293.0,0.006463197258961651,0.11522596760766896,0.05099658930761067,407.0557357045351,7100.568367581698
Wiltshire,2021.0,747576.8000000063,3485.5,43.84260120986505,1080,33117.0,0.004384260120986506,0.11487447731273925,0.06640834539986576,314.83939748253994,-4605.299351891491
Avon and Somerset,2022.0,1275538.300000012,4666.95,41.86992184552263,3137,81936.0,0.004186992184552264,0.012422523874295257,0.10756321868221361,211.54345315014433,6875.318609670037
Bedfordshire,2022.0,719575.4000000171,1235.46,53.920716320716316,1383,30891.0,0.005392071632071632,0.11270797244535909,0.023083069937949785,248.21678613114346,-88.73226228357765
Cambridgeshire,2022.0,903501.400000006,3389.6400000000003,45.85250240330455,1645,40862.0,0.004585250240330455,0.07024328355597532,0.0399661413812735,248.4379550967044,-806.7297371014233
Cheshire,2022.0,1111376.6000000127,2346.16,49.520938645426355,2330,51683.0,0.004952093864542636,0.15422779505666748,0.13203885078594643,310.86191882320134,737.6873642314504
Cleveland,2022.0,580837.5000000093,597.65,67.99951660064139,1429,50195.0,0.006799951660064139,0.09159476645848923,0.06268581534854548,221.46612776045419,1430.0025122005127
Cumbria,2022.0,1576511.6999999806,20303.67,55.91788016232991,1270,23858.0,0.005591788016232991,0.20361293451486664,0.0816936031230837,455.80850183702154,-1057.2479982103646
Derbyshire,2022.0,1086754.7000000025,2624.74,53.265624239958676,2001,64916.0,0.005326562423995868,0.14814425669653938,0.1102717057771467,401.1595687512667,-2196.3762922901983
Devon and Cornwall,2022.0,1797235.500000015,10268.31,54.989900597778934,3442,64908.0,0.005498990059777894,0.07743189173725668,0.2675804628300053,262.98993320462955,16552.126027861737
Dorset,2022.0,1593132.900000006,2977.06,48.08856502242153,1349,38037.0,0.004808856502242153,0.15378410184550698,0.11395248665466114,322.21600644913065,3898.1717815739894
Durham,2022.0,637062.0000000056,2423.3799999999997,65.66666666666667,1285,43286.0,0.006566666666666668,0.10805410022536045,0.0793845019966066,320.70454777607404,-611.8291309995577
Dyfed-Powys,2022.0,519203.3000000017,10954.32,51.97845788460139,1259,29858.0,0.00519784578846014,0.13394201622071683,0.16279059646281935,278.02194857997426,1260.3791295654034
Essex,2022.0,1878223.800000012,3663.97,48.64249830130973,3604,100999.0,0.004864249830130973,0.22864365783987517,0.19798796535805316,896.7498937127438,8394.563491737743
Gloucestershire,2022.0,645009.4000000097,2652.4500000000003,42.82169693450181,1248,38281.0,0.004282169693450181,0.13115319987556437,0.11710170519428939,250.54124911443378,2208.1555738968373
Greater Manchester,2022.0,2917686.700000018,1276.12,64.06394920617097,7536,14.0,0.0064063949206170975,208.9319847020308,0.09409959303458676,608.1346465578191,406.54337042618045
Gwent,2022.0,592605.5000000047,1551.46,51.97845788460139,1478,35341.0,0.00519784578846014,0.18891369572081898,0.14990018819695802,250.57764166797946,-7519.468968839807
Hampshire and Isle of Wight,2022.0,2043910.100000009,4148.23,43.14797429022277,3227,103473.0,0.004314797429022277,0.07452239642607371,0.0874008040393226,239.05524009258505,11763.920491137133
Hertfordshire,2022.0,1212881.100000009,1643.07,40.33497332322295,2234,54922.0,0.004033497332322295,0.19076018589551028,0.029487277238564685,842.8824714753218,-242.12367909187662
Humberside,2022.0,675263.400000006,3442.83,55.26280387463456,2162,49767.0,0.005526280387463456,0.10863180902360292,0.0369440543837566,322.50817166963094,-332.6680285190179
Kent,2022.0,1865375.8000000343,3738.35,55.51723561371496,4005,111245.0,0.005551723561371496,0.24775642122738856,0.11328466638127774,1167.711319230887,-2128.8579624123695
Lancashire,2022.0,1591528.0000000023,3065.88,60.162611531893084,3321,121488.0,0.006016261153189309,0.1536582527922623,0.11102933626239057,400.0475189001821,-17263.13608266105
Leicestershire,2022.0,1128993.8000000194,2538.09,42.290760292721075,2282,53620.0,0.004229076029272107,0.07131593088695115,0.03421900509348746,249.17902881624957,-3023.4547316893086
Lincolnshire,2022.0,756926.8000000194,5937.35,59.016483508756906,1167,39073.0,0.005901648350875691,0.10395366698053667,0.055972632981138984,246.37220826774237,2735.154327665913
"London, City of",2022.0,11192.400000001304,2.88,31.666666666666668,958,2329.0,0.003166666666666667,5.821908499059582,0.10392566243293065,3001.188196835893,1868.674207433041
Merseyside,2022.0,1440817.9000000097,652.4000000000001,67.11468913562608,4062,90606.0,0.006711468913562608,0.1318052520841167,0.11586479764575924,328.97743056956944,21249.67761267694
Metropolitan Police,2022.0,8881040.200000077,1569.55,58.95259528047169,34517,509085.0,0.005895259528047169,0.12245030082651888,0.04755964035731477,307.63897326689596,26763.675409504725
Norfolk,2022.0,914955.6000000089,5383.6900000000005,57.97262889600568,1872,44483.0,0.005797262889600569,0.10215391608359846,0.09268266651126425,198.29291451434756,-495.627004177945
North Wales,2022.0,690123.9000000022,6153.49,51.97845788460139,1640,47174.0,0.00519784578846014,0.1021873612258505,0.08306468719691056,250.8378522629899,-4790.416664232327
North Yorkshire,2022.0,818954.8000000082,8309.289999999999,39.403933797073634,1637,40272.0,0.003940393379707364,0.20383832283308367,0.11909125230974618,492.91053817906516,2707.5530701534612
Northamptonshire,2022.0,2318503.400000021,6701.4400000000005,49.80767916922867,1429,43360.0,0.004980767916922867,0.11115213745401539,0.06192713856900558,217.33163580457835,1428.571512561757
Northumbria,2022.0,1467502.300000023,5560.13,64.01796301740093,3622,101440.0,0.006401796301740093,0.12401497637340336,0.09835828127569135,208.82680591231002,8423.995042606042
Nottinghamshire,2022.0,1173535.400000004,2159.45,53.07263995786478,2361,59397.0,0.005307263995786478,0.10840277520148625,0.09955960504763975,332.73563679635987,11940.750755951432
South Wales,2022.0,1332703.6000000127,2077.2799999999997,51.97845788460139,3361,65760.0,0.00519784578846014,0.14572891600831553,0.1089182367122207,169.44717378090633,5035.547054104285
South Yorkshire,2022.0,1393388.1000000201,1551.59,67.056185956853,2949,87317.0,0.0067056185956853006,0.11471019791218902,0.015613475774641972,438.93615120304406,2840.7544957155237
Staffordshire,2022.0,1147539.8000000082,2713.75,50.06831967597653,1895,64836.0,0.005006831967597654,0.08982026263311897,0.07129180540928623,421.6491942867681,-1609.9500266843916
Suffolk,2022.0,1017173.2000000067,5061.04,51.6708943367096,1360,34240.0,0.00516708943367096,0.13530327152921565,0.14341576353873253,312.1755030106277,3791.5403355741328
Surrey,2022.0,1218325.000000015,1662.56,30.98171738979266,2117,45199.0,0.003098171738979266,0.2660058427668317,0.05701189552104819,959.0354054122283,-7257.686994211246
Sussex,2022.0,1730106.2000000067,3782.5,49.99813447905561,2960,72385.0,0.004999813447905561,0.11600358087472414,0.09634856180752262,401.36692879603936,-1308.1797813686255
Thames Valley,2022.0,4242168.900000051,10435.39,36.4435697646696,4698,100981.0,0.00364435697646696,0.1003838080153479,0.03805537265928489,513.6411743322988,1464.8384750987811
Warwickshire,2022.0,605886.1000000127,1975.11,45.77359868463561,1018,27241.0,0.004577359868463561,0.15838532390742097,0.06773890014849437,410.8586737472905,880.0214067198912
West Mercia,2022.0,1125056.9000000134,5228.22,49.66931616993597,2343,68730.0,0.004966931616993597,0.13029769339600716,0.18872224997297424,336.077749118964,19247.88987565889
West Midlands,2022.0,2954799.6000000387,901.63,66.66153194009041,7596,185316.0,0.006666153194009042,0.15012353760176742,0.11128989174520815,263.56400922131576,-15476.34942784434
West Yorkshire,2022.0,2378259.4000000283,2029.21,64.63197258961651,5838,170187.0,0.006463197258961651,0.11522596760766896,0.05099658930761067,364.1948743861391,9339.797972309145
Wiltshire,2022.0,753226.2000000067,3485.5,43.84260120986505,1120,32481.0,0.004384260120986506,0.11487447731273925,0.06640834539986576,300.87629013161154,1939.4787399387985
Avon and Somerset,2023.0,1294234.600000009,4666.95,41.86992184552263,3310,83712.0,0.004186992184552264,0.012422523874295257,0.10756321868221361,170.810842805829,-1704.2075840476523
Bedfordshire,2023.0,731577.4000000134,1235.46,53.920716320716316,1444,29930.0,0.005392071632071632,0.11270797244535909,0.023083069937949785,240.4674121259765,-313.0476188010294
Cambridgeshire,2023.0,916206.6000000052,3389.6400000000003,45.85250240330455,1736,40024.0,0.004585250240330455,0.07024328355597532,0.0399661413812735,224.3000159641184,1112.736400698998
Cheshire,2023.0,1122714.2000000104,2346.16,49.520938645426355,2355,47816.0,0.004952093864542636,0.15422779505666748,0.13203885078594643,281.4217794386704,1918.968139440419
Cleveland,2023.0,588768.6000000071,597.65,67.99951660064139,1495,49830.0,0.006799951660064139,0.09159476645848923,0.06268581534854548,205.878331698249,3721.4451382711545
Cumbria,2023.0,1551961.1999999806,20303.67,55.91788016232991,1376,21845.0,0.005591788016232991,0.20361293451486664,0.0816936031230837,435.2798397303985,1125.4306219463756
Derbyshire,2023.0,1088915.0000000014,2624.74,53.265624239958676,2131,63067.0,0.005326562423995868,0.14814425669653938,0.1102717057771467,391.1862810216484,7577.1790296138
Devon and Cornwall,2023.0,1815777.2000000104,10268.31,54.989900597778934,3642,42112.0,0.005498990059777894,0.07743189173725668,0.2675804628300053,261.53846152460164,-13453.664925496374
Dorset,2023.0,1602659.200000003,2977.06,48.08856502242153,1430,35887.0,0.004808856502242153,0.15378410184550698,0.11395248665466114,275.06011963218333,1703.9549777718207
Durham,2023.0,642559.0000000056,2423.3799999999997,65.66666666666667,1372,40062.0,0.006566666666666668,0.10805410022536045,0.0793845019966066,318.6675141179144,-4143.44013666471
Dyfed-Powys,2023.0,521312.20000000205,10954.32,51.97845788460139,1303,25743.0,0.00519784578846014,0.13394201622071683,0.16279059646281935,267.66355286287103,-679.7525044136034
Essex,2023.0,1898803.800000012,3663.97,48.64249830130973,3747,82648.0,0.004864249830130973,0.22864365783987517,0.19798796535805316,858.8603591563441,-24817.165860521207
Gloucestershire,2023.0,655607.0000000112,2652.4500000000003,42.82169693450181,1301,34945.0,0.004282169693450181,0.13115319987556437,0.11710170519428939,240.37241733429767,216.25205998562075
Greater Manchester,2023.0,2954751.200000018,1276.12,64.06394920617097,8070,14.0,0.0064063949206170975,208.9319847020308,0.09409959303458676,570.2225565930906,373.93609467616557
Gwent,2023.0,596243.8000000035,1551.46,51.97845788460139,1516,37618.0,0.00519784578846014,0.18891369572081898,0.14990018819695802,234.71691671612584,-7727.914845730484
Hampshire and Isle of Wight,2023.0,2049514.600000007,4148.23,43.14797429022277,3362,90088.0,0.004314797429022277,0.07452239642607371,0.0874008040393226,235.05457259237372,9177.889075024688
Hertfordshire,2023.0,1221480.4000000097,1643.07,40.33497332322295,2400,54488.0,0.004033497332322295,0.19076018589551028,0.029487277238564685,796.5239324017487,-2484.289890506283
Humberside,2023.0,679893.6000000052,3442.83,55.26280387463456,2295,52104.0,0.005526280387463456,0.10863180902360292,0.0369440543837566,323.29626139448135,-3558.3452558896406
Kent,2023.0,1893216.6000000313,3738.35,55.51723561371496,4167,104661.0,0.005551723561371496,0.24775642122738856,0.11328466638127774,1131.3997282053572,3202.8192952487134
Lancashire,2023.0,1591756.8,3065.88,60.162611531893084,3567,110429.0,0.006016261153189309,0.1536582527922623,0.11102933626239057,376.98972191975787,7245.204684357748
Leicestershire,2023.0,1148520.000000015,2538.09,42.290760292721075,2267,50616.0,0.004229076029272107,0.07131593088695115,0.03421900509348746,242.2149516129486,666.5955147004707
Lincolnshire,2023.0,771989.4000000171,5937.35,59.016483508756906,1209,36068.0,0.005901648350875691,0.10395366698053667,0.055972632981138984,245.2546066385981,282.2278056127986
"London, City of",2023.0,12826.400000001304,2.88,31.666666666666668,987,2007.0,0.003166666666666667,5.821908499059582,0.10392566243293065,2878.325093011862,1581.213272172105
Merseyside,2023.0,1454752.4000000097,652.4000000000001,67.11468913562608,4152,81775.0,0.006711468913562608,0.1318052520841167,0.11586479764575924,300.41623754713385,-10570.969306998863
Metropolitan Police,2023.0,8958236.400000066,1569.55,58.95259528047169,34500,488244.0,0.005895259528047169,0.12245030082651888,0.04755964035731477,283.75578641589595,-2096.6272905679207
Norfolk,2023.0,926245.4000000097,5383.6900000000005,57.97262889600568,1899,39549.0,0.005797262889600569,0.10215391608359846,0.09268266651126425,183.3999312297738,-4522.568167486656
North Wales,2023.0,692915.8000000017,6153.49,51.97845788460139,1714,42268.0,0.00519784578846014,0.1021873612258505,0.08306468719691056,221.34792809709393,4394.892293896468
North Yorkshire,2023.0,830076.6000000089,8309.289999999999,39.403933797073634,1662,37733.0,0.003940393379707364,0.20383832283308367,0.11909125230974618,473.9550450471511,1678.8986227931691
Northamptonshire,2023.0,2340812.000000015,6701.4400000000005,49.80767916922867,1487,40396.0,0.004980767916922867,0.11115213745401539,0.06192713856900558,207.52073457363582,1542.6321692555443
Northumbria,2023.0,1484320.4000000171,5560.13,64.01796301740093,3796,103876.0,0.006401796301740093,0.12401497637340336,0.09835828127569135,192.61320460730488,6986.410911560692
Nottinghamshire,2023.0,1178088.0000000019,2159.45,53.07263995786478,2387,66989.0,0.005307263995786478,0.10840277520148625,0.09955960504763975,325.3808824735735,-3505.200603411503
South Wales,2023.0,1345592.600000009,2077.2799999999997,51.97845788460139,3499,69639.0,0.00519784578846014,0.14572891600831553,0.1089182367122207,164.67035350131147,5491.024491322102
South Yorkshire,2023.0,1408334.0000000186,1551.59,67.056185956853,2993,85915.0,0.0067056185956853006,0.11471019791218902,0.015613475774641972,438.65517479299854,-122.04138729777131
Staffordshire,2023.0,1159647.6000000052,2713.75,50.06831967597653,1985,58027.0,0.005006831967597654,0.08982026263311897,0.07129180540928623,391.0134027520436,-5797.69594386252
Suffolk,2023.0,1024596.6000000071,5061.04,51.6708943367096,1393,29769.0,0.00516708943367096,0.13530327152921565,0.14341576353873253,271.6055085334879,2765.480426442343
Surrey,2023.0,1230598.8000000156,1662.56,30.98171738979266,2289,43885.0,0.003098171738979266,0.2660058427668317,0.05701189552104819,917.0731235525508,2274.904107265195
Sussex,2023.0,1741277.0000000037,3782.5,49.99813447905561,3155,75985.0,0.004999813447905561,0.11600358087472414,0.09634856180752262,368.5745590691887,783.3370812429456
Thames Valley,2023.0,4295801.400000036,10435.39,36.4435697646696,4924,98061.0,0.00364435697646696,0.1003838080153479,0.03805537265928489,486.710011093865,801.3800131199287
Warwickshire,2023.0,616688.2000000104,1975.11,45.77359868463561,1118,25327.0,0.004577359868463561,0.15838532390742097,0.06773890014849437,379.4534627521878,105.61819096420483
West Mercia,2023.0,1135005.800000012,5228.22,49.66931616993597,2520,59080.0,0.004966931616993597,0.13029769339600716,0.18872224997297424,311.48249789989455,-22050.53659486323
West Midlands,2023.0,2987132.4000000358,901.63,66.66153194009041,7874,172502.0,0.006666153194009042,0.15012353760176742,0.11128989174520815,233.30285063478246,-5938.52548840547
West Yorkshire,2023.0,2401136.4000000283,2029.21,64.63197258961651,6062,164809.0,0.006463197258961651,0.11522596760766896,0.05099658930761067,345.0371579706758,-10200.580676110358
Wiltshire,2023.0,758875.6000000052,3485.5,43.84260120986505,1204,29527.0,0.004384260120986506,0.11487447731273925,0.06640834539986576,283.75962064838103,1664.0751113027704
Avon and Somerset,2024.0,1312930.9000000134,4666.95,41.86992184552263,3281,98607.0,0.004186992184552264,0.012422523874295257,0.10756321868221361,226.27207527592168,13500.796233781604
Bedfordshire,2024.0,743579.4000000134,1235.46,53.920716320716316,1455,31589.0,0.005392071632071632,0.11270797244535909,0.023083069937949785,239.2418713010644,-231.00231145740776
Cambridgeshire,2024.0,928911.8000000045,3389.6400000000003,45.85250240330455,1725,41969.0,0.004585250240330455,0.07024328355597532,0.0399661413812735,221.18132860606417,-2237.7236451984263
Cheshire,2024.0,1134051.8000000082,2346.16,49.520938645426355,2363,47003.0,0.004952093864542636,0.15422779505666748,0.13203885078594643,261.00376923554654,-4361.461989730997
Cleveland,2024.0,596699.7000000067,597.65,67.99951660064139,1510,45464.0,0.006799951660064139,0.09159476645848923,0.06268581534854548,194.4421148716719,-1994.1375045282364
Cumbria,2024.0,1527410.6999999732,20303.67,55.91788016232991,1379,22184.0,0.005591788016232991,0.20361293451486664,0.0816936031230837,416.26959045321144,702.9354029328358
Derbyshire,2024.0,1091075.3000000003,2624.74,53.265624239958676,2096,58286.0,0.005326562423995868,0.14814425669653938,0.1102717057771467,371.4116211044343,-5089.043015469377
Devon and Cornwall,2024.0,1834318.900000006,10268.31,54.989900597778934,3612,86132.0,0.005498990059777894,0.07743189173725668,0.2675804628300053,288.09977472039986,39399.30449490422
Dorset,2024.0,1612185.5000000037,2977.06,48.08856502242153,1422,33965.0,0.004808856502242153,0.15378410184550698,0.11395248665466114,346.12959447272533,-572.0520381098873
Durham,2024.0,648056.0000000037,2423.3799999999997,65.66666666666667,1385,37698.0,0.006566666666666668,0.10805410022536045,0.0793845019966066,291.8882135469256,-32.737267505764976
Dyfed-Powys,2024.0,523421.1000000015,10954.32,51.97845788460139,1302,18644.0,0.00519784578846014,0.13394201622071683,0.16279059646281935,256.104050196736,-2511.891116534232
Essex,2024.0,1919383.8000000045,3663.97,48.64249830130973,3758,76339.0,0.004864249830130973,0.22864365783987517,0.19798796535805316,854.6603462124348,1852.6282495548514
Gloucestershire,2024.0,666204.6000000089,2652.4500000000003,42.82169693450181,1321,33440.0,0.004282169693450181,0.13115319987556437,0.11710170519428939,242.9994221519469,20.408891944246932
Greater Manchester,2024.0,2991815.700000003,1276.12,64.06394920617097,8112,14.0,0.0064063949206170975,208.9319847020308,0.09409959303458676,544.8877457282322,347.216503061047
Gwent,2024.0,599882.1000000034,1551.46,51.97845788460139,1542,38590.0,0.00519784578846014,0.18891369572081898,0.14990018819695802,212.58646102497204,346.9951790247362
Hampshire and Isle of Wight,2024.0,2055119.1000000052,4148.23,43.14797429022277,3349,86468.0,0.004314797429022277,0.07452239642607371,0.0874008040393226,228.8172432487796,-355.6804682642923
Hertfordshire,2024.0,1230079.7000000067,1643.07,40.33497332322295,2379,56029.0,0.004033497332322295,0.19076018589551028,0.029487277238564685,788.2931850803179,-2126.513766507327
Humberside,2024.0,684523.8000000063,3442.83,55.26280387463456,2272,49463.0,0.005526280387463456,0.10863180902360292,0.0369440543837566,318.1413315582739,3016.9203677577107
Kent,2024.0,1921057.4000000283,3738.35,55.51723561371496,4168,97367.0,0.005551723561371496,0.24775642122738856,0.11328466638127774,1128.8962822532471,-6045.168760109692
Lancashire,2024.0,1591985.5999999978,3065.88,60.162611531893084,3569,113555.0,0.006016261153189309,0.1536582527922623,0.11102933626239057,352.7013705309947,-10250.975153743551
Leicestershire,2024.0,1168046.2000000179,2538.09,42.290760292721075,2247,50666.0,0.004229076029272107,0.07131593088695115,0.03421900509348746,236.2553344796035,567.2604870606241
Lincolnshire,2024.0,787052.0000000149,5937.35,59.016483508756906,1205,40303.0,0.005901648350875691,0.10395366698053667,0.055972632981138984,238.432716454914,-129.87110851894136
"London, City of",2024.0,14460.400000000838,2.88,31.666666666666668,989,2135.0,0.003166666666666667,5.821908499059582,0.10392566243293065,2869.110802369524,1026.0478796588177
Merseyside,2024.0,1468686.900000006,652.4000000000001,67.11468913562608,4154,75423.0,0.006711468913562608,0.1318052520841167,0.11586479764575924,305.343164231466,-8622.758182683341
Metropolitan Police,2024.0,9035432.600000054,1569.55,58.95259528047169,33793,486681.0,0.005895259528047169,0.12245030082651888,0.04755964035731477,269.9253642518066,-5276.328094480444
Norfolk,2024.0,937535.2000000104,5383.6900000000005,57.97262889600568,1899,37654.0,0.005797262889600569,0.10215391608359846,0.09268266651126425,187.13063131095714,3043.5274934839354
North Wales,2024.0,695707.7000000011,6153.49,51.97845788460139,1721,41092.0,0.00519784578846014,0.1021873612258505,0.08306468719691056,199.26891373564357,-920.9413518458376
North Yorkshire,2024.0,841198.400000006,8309.289999999999,39.403933797073634,1652,35868.0,0.003940393379707364,0.20383832283308367,0.11909125230974618,455.7882797016781,5787.4275745146715
Northamptonshire,2024.0,2363120.600000009,6701.4400000000005,49.80767916922867,1473,40211.0,0.004980767916922867,0.11115213745401539,0.06192713856900558,211.06373054336538,2880.09306192417
Northumbria,2024.0,1501138.5000000186,5560.13,64.01796301740093,3830,92633.0,0.006401796301740093,0.12401497637340336,0.09835828127569135,185.79921267605636,6658.676421515078
Nottinghamshire,2024.0,1182640.6000000015,2159.45,53.07263995786478,2401,62550.0,0.005307263995786478,0.10840277520148625,0.09955960504763975,319.4685447805073,-4897.481991636572
South Wales,2024.0,1358481.600000009,2077.2799999999997,51.97845788460139,3529,65817.0,0.00519784578846014,0.14572891600831553,0.1089182367122207,148.7467529283638,-2905.3068792524737
South Yorkshire,2024.0,1423279.9000000171,1551.59,67.056185956853,3027,83722.0,0.0067056185956853006,0.11471019791218902,0.015613475774641972,409.7899210185824,-3.858956184064567
Staffordshire,2024.0,1171755.400000006,2713.75,50.06831967597653,2001,53436.0,0.005006831967597654,0.08982026263311897,0.07129180540928623,369.8662225374247,6711.423266540214
Suffolk,2024.0,1032020.0000000056,5061.04,51.6708943367096,1400,25372.0,0.00516708943367096,0.13530327152921565,0.14341576353873253,260.686823987939,5089.59179496341
Surrey,2024.0,1242872.6000000127,1662.56,30.98171738979266,2295,44109.0,0.003098171738979266,0.2660058427668317,0.05701189552104819,900.3865597491239,1452.914680344764
Sussex,2024.0,1752447.8000000045,3782.5,49.99813447905561,3182,76187.0,0.004999813447905561,0.11600358087472414,0.09634856180752262,350.1012764424644,8520.431156703777
Thames Valley,2024.0,4349433.900000021,10435.39,36.4435697646696,5023,92816.0,0.00364435697646696,0.1003838080153479,0.03805537265928489,484.0906446471928,143.34758965681186
Warwickshire,2024.0,627490.3000000082,1975.11,45.77359868463561,1149,24738.0,0.004577359868463561,0.15838532390742097,0.06773890014849437,358.858920691863,-2020.9480819577066
West Mercia,2024.0,1144954.7000000104,5228.22,49.66931616993597,2524,53984.0,0.004966931616993597,0.13029769339600716,0.18872224997297424,293.519040979287,-10698.56362938916
West Midlands,2024.0,3019465.200000033,901.63,66.66153194009041,7995,162062.0,0.006666153194009042,0.15012353760176742,0.11128989174520815,216.3048792861274,19170.337491216353
West Yorkshire,2024.0,2424013.400000021,2029.21,64.63197258961651,6137,153459.0,0.006463197258961651,0.11522596760766896,0.05099658930761067,339.2944144071264,-10161.287118601938
Wiltshire,2024.0,764525.0000000037,3485.5,43.84260120986505,1243,28493.0,0.004384260120986506,0.11487447731273925,0.06640834539986576,286.1483690420459,3154.2286215023064
Avon and Somerset,2025.0,1331627.2000000104,4666.95,41.86992184552263,3314,103381.0,0.004186992184552264,0.012422523874295257,0.10756321868221361,229.4318031874306,13422.928529311761
Bedfordshire,2025.0,755581.4000000097,1235.46,53.920716320716316,1454,31307.0,0.005392071632071632,0.11270797244535909,0.023083069937949785,249.9464141274423,-21.992034704867585
Cambridgeshire,2025.0,941617.0,3389.6400000000003,45.85250240330455,1707,44468.0,0.004585250240330455,0.07024328355597532,0.0399661413812735,225.05466569392962,-545.0853228751491
Cheshire,2025.0,1145389.400000006,2346.16,49.520938645426355,2417,44511.0,0.004952093864542636,0.15422779505666748,0.13203885078594643,262.37490306732,-3582.1743262923146
Cleveland,2025.0,604630.8000000063,597.65,67.99951660064139,1504,46417.0,0.006799951660064139,0.09159476645848923,0.06268581534854548,206.26890183097467,6660.678244116645
Cumbria,2025.0,1502860.1999999732,20303.67,55.91788016232991,1384,20627.0,0.005591788016232991,0.20361293451486664,0.0816936031230837,414.22729467874007,460.93878735262484
Derbyshire,2025.0,1093235.5999999982,2624.74,53.265624239958676,2123,57883.0,0.005326562423995868,0.14814425669653938,0.1102717057771467,374.104631372214,893.3126202440584
Devon and Cornwall,2025.0,1852860.600000009,10268.31,54.989900597778934,3569,88473.0,0.005498990059777894,0.07743189173725668,0.2675804628300053,294.9082576321907,-18960.501363590876
Dorset,2025.0,1621711.8000000007,2977.06,48.08856502242153,1404,32640.0,0.004808856502242153,0.15378410184550698,0.11395248665466114,360.00829492736244,-2407.33727458468
Durham,2025.0,653553.0000000037,2423.3799999999997,65.66666666666667,1400,40628.0,0.006566666666666668,0.10805410022536045,0.0793845019966066,281.03500992661156,1197.7032897755782
Dyfed-Powys,2025.0,525530.0000000009,10954.32,51.97845788460139,1261,24867.0,0.00519784578846014,0.13394201622071683,0.16279059646281935,239.58273395559485,-9181.499060921757
Essex,2025.0,1939963.8000000045,3663.97,48.64249830130973,3759,79257.0,0.004864249830130973,0.22864365783987517,0.19798796535805316,886.9550260807054,-8593.998107434812
Gloucestershire,2025.0,676802.2000000067,2652.4500000000003,42.82169693450181,1349,33788.0,0.004282169693450181,0.13115319987556437,0.11710170519428939,242.8102434464798,2224.067277859705
Greater Manchester,2025.0,3028880.200000003,1276.12,64.06394920617097,8111,14.0,0.0064063949206170975,208.9319847020308,0.09409959303458676,546.1569993146247,350.65901832126207
Gwent,2025.0,603520.4000000032,1551.46,51.97845788460139,1549,25979.0,0.00519784578846014,0.18891369572081898,0.14990018819695802,224.8764073172736,1871.3063472777853
Hampshire and Isle of Wight,2025.0,2060723.6000000034,4148.23,43.14797429022277,3364,90641.0,0.004314797429022277,0.07452239642607371,0.0874008040393226,236.4087928889414,-520.6282183745402
Hertfordshire,2025.0,1238679.0000000037,1643.07,40.33497332322295,2380,58725.0,0.004033497332322295,0.19076018589551028,0.029487277238564685,817.078436308756,1765.7806717890714
Humberside,2025.0,689154.0000000056,3442.83,55.26280387463456,2284,47460.0,0.005526280387463456,0.10863180902360292,0.0369440543837566,318.36819909066,2064.038027460285
Kent,2025.0,1948898.2000000253,3738.35,55.51723561371496,4167,98272.0,0.005551723561371496,0.24775642122738856,0.11328466638127774,1174.511318753814,-10844.077458786665
Lancashire,2025.0,1592214.3999999953,3065.88,60.162611531893084,3606,115845.0,0.006016261153189309,0.1536582527922623,0.11102933626239057,353.2539863514881,-5830.192444438606
Leicestershire,2025.0,1187572.4000000134,2538.09,42.290760292721075,2267,52021.0,0.004229076029272107,0.07131593088695115,0.03421900509348746,241.23332280699583,1219.1257818418478
Lincolnshire,2025.0,802114.6000000164,5937.35,59.016483508756906,1174,40174.0,0.005901648350875691,0.10395366698053667,0.055972632981138984,237.51203852961498,-1599.5296709984573
"London, City of",2025.0,16094.400000000838,2.88,31.666666666666668,999,1742.0,0.003166666666666667,5.821908499059582,0.10392566243293065,2977.58947294512,1803.391855901558
Merseyside,2025.0,1482621.400000006,652.4000000000001,67.11468913562608,4172,74844.0,0.006711468913562608,0.1318052520841167,0.11586479764575924,305.82203760825377,-9151.571758292555
Metropolitan Police,2025.0,9112628.800000042,1569.55,58.95259528047169,32332,505082.0,0.005895259528047169,0.12245030082651888,0.04755964035731477,277.0422193687163,-14946.043199447904
Norfolk,2025.0,948825.0000000075,5383.6900000000005,57.97262889600568,1902,36780.0,0.005797262889600569,0.10215391608359846,0.09268266651126425,190.15210712838478,367.28446812024407
North Wales,2025.0,698499.6000000006,6153.49,51.97845788460139,1723,38041.0,0.00519784578846014,0.1021873612258505,0.08306468719691056,210.22224555428576,1266.766049635628
North Yorkshire,2025.0,852320.2000000067,8309.289999999999,39.403933797073634,1656,36988.0,0.003940393379707364,0.20383832283308367,0.11909125230974618,462.0263881538595,-4157.716786053944
Northamptonshire,2025.0,2385429.2000000104,6701.4400000000005,49.80767916922867,1463,42052.0,0.004980767916922867,0.11115213745401539,0.06192713856900558,218.0356617260542,-1474.8533023855384
Northumbria,2025.0,1517956.6000000127,5560.13,64.01796301740093,3837,85510.0,0.006401796301740093,0.12401497637340336,0.09835828127569135,191.06617237208565,18415.347724008767
Nottinghamshire,2025.0,1187193.1999999993,2159.45,53.07263995786478,2380,59583.0,0.005307263995786478,0.10840277520148625,0.09955960504763975,320.41965189380227,974.4849749517924
South Wales,2025.0,1371370.6000000052,2077.2799999999997,51.97845788460139,3496,66292.0,0.00519784578846014,0.14572891600831553,0.1089182367122207,132.14483348002213,6180.605744139684
South Yorkshire,2025.0,1438225.8000000156,1551.59,67.056185956853,3040,85661.0,0.0067056185956853006,0.11471019791218902,0.015613475774641972,407.0685284178297,550.1655881404605
Staffordshire,2025.0,1183863.200000003,2713.75,50.06831967597653,1998,56884.0,0.005006831967597654,0.08982026263311897,0.07129180540928623,364.18908919837753,44.265289879100294
Suffolk,2025.0,1039443.4000000041,5061.04,51.6708943367096,1415,25056.0,0.00516708943367096,0.13530327152921565,0.14341576353873253,267.54869518440466,-3795.2507535139757
Surrey,2025.0,1255146.4000000097,1662.56,30.98171738979266,2344,44928.0,0.003098171738979266,0.2660058427668317,0.05701189552104819,934.1172386998753,1287.4209380122882
Sussex,2025.0,1763618.6000000015,3782.5,49.99813447905561,3230,81353.0,0.004999813447905561,0.11600358087472414,0.09634856180752262,358.6237304919895,5525.0346127436005
Thames Valley,2025.0,4403066.400000021,10435.39,36.4435697646696,4993,95921.0,0.00364435697646696,0.1003838080153479,0.03805537265928489,502.9007967779604,1476.198319406482
Warwickshire,2025.0,638292.400000006,1975.11,45.77359868463561,1131,28148.0,0.004577359868463561,0.15838532390742097,0.06773890014849437,359.43816343559854,1215.4302903177263
West Mercia,2025.0,1154903.600000009,5228.22,49.66931616993597,2520,56572.0,0.004966931616993597,0.13029769339600716,0.18872224997297424,283.41782508659526,3476.6723218743136
West Midlands,2025.0,3051798.0000000224,901.63,66.66153194009041,8027,153996.0,0.006666153194009042,0.15012353760176742,0.11128989174520815,231.54713688629968,2694.6125022991355
West Yorkshire,2025.0,2446890.400000021,2029.21,64.63197258961651,6130,155152.0,0.006463197258961651,0.11522596760766896,0.05099658930761067,345.1036280923743,5860.529268349181
Wiltshire,2025.0,770174.4000000041,3485.5,43.84260120986505,1215,29553.0,0.004384260120986506,0.11487447731273925,0.06640834539986576,295.03407683407437,-750.9168894169756
